id,speed
0,4.76E+01
1,4.76E+01
2,3.99E+01
3,2.92E+01
4,3.99E+01
5,2.84E+01
6,2.29E+01
7,4.93E+01
8,4.80E+01
9,2.97E+01
10,2.81E+01
11,1.95E+01
12,2.04E+01
13,2.00E+01
14,2.60E+01
15,4.01E+01
16,4.21E+01
17,4.74E+01
18,4.90E+01
19,4.86E+01
20,4.76E+01
21,4.48E+01
22,1.82E+01
23,2.43E+01
24,2.41E+01
25,1.76E+01
26,1.77E+01
27,1.67E+01
28,1.26E+01
29,1.09E+01
30,2.20E+01
31,4.53E+01
32,4.90E+01
33,2.73E+01
34,2.30E+01
35,2.23E+01
36,1.80E+01
37,1.84E+01
38,4.56E+01
39,3.90E+01
40,4.45E+01
41,4.82E+01
42,4.86E+01
43,4.49E+01
44,1.79E+01
45,1.66E+01
46,1.66E+01
47,8.79E+00
48,4.38E+01
49,4.75E+01
50,4.91E+01
51,2.49E+01
52,2.15E+01
53,1.96E+01
54,1.86E+01
55,1.71E+01
56,1.58E+01
57,1.67E+01
58,2.93E+01
59,3.28E+01
60,4.55E+01
61,4.11E+01
62,4.08E+01
63,4.09E+01
64,4.60E+01
65,4.75E+01
66,4.85E+01
67,4.55E+01
68,4.21E+01
69,2.25E+01
70,2.18E+01
71,2.00E+01
72,1.54E+01
73,1.75E+01
74,1.14E+01
75,6.12E+00
76,4.10E+01
77,3.87E+01
78,4.16E+01
79,4.62E+01
80,1.32E+01
81,1.23E+01
82,2.02E+01
83,1.49E+01
84,1.31E+01
85,1.16E+01
86,2.68E+01
87,4.19E+01
88,4.76E+01
89,4.14E+01
90,4.85E+01
91,4.73E+01
92,4.82E+01
93,4.80E+01
94,2.47E+01
95,1.33E+01
96,2.23E+01
97,1.24E+01
98,1.07E+01
99,2.11E+01
100,3.89E+01
101,4.74E+01
102,1.46E+01
103,1.82E+01
104,1.39E+01
105,4.18E+01
106,3.18E+01
107,4.73E+01
108,4.19E+01
109,1.37E+01
110,1.13E+01
111,1.01E+01
112,2.19E+01
113,3.09E+01
114,3.67E+01
115,4.89E+01
116,4.82E+01
117,4.72E+01
118,2.55E+01
119,2.11E+01
120,2.01E+01
121,1.62E+01
122,3.09E+01
123,4.68E+01
124,4.61E+01
125,4.17E+01
126,4.19E+01
127,3.87E+01
128,4.11E+01
129,3.00E+01
130,4.88E+01
131,4.76E+01
132,4.70E+01
133,2.85E+01
134,2.24E+01
135,2.14E+01
136,4.18E+01
137,4.79E+01
138,4.92E+01
139,4.77E+01
140,4.69E+01
141,4.47E+01
142,3.01E+01
143,1.73E+01
144,2.17E+01
145,1.85E+01
146,1.85E+01
147,4.80E+01
148,4.88E+01
149,4.74E+01
150,4.74E+01
151,1.66E+01
152,1.71E+01
153,1.64E+01
154,8.23E+00
155,1.92E+01
156,3.62E+01
157,4.44E+01
158,3.87E+01
159,4.32E+01
160,4.91E+01
161,4.96E+01
162,4.88E+01
163,4.86E+01
164,4.62E+01
165,2.86E+01
166,1.64E+01
167,1.92E+01
168,1.78E+01
169,1.82E+01
170,1.33E+01
171,1.17E+01
172,4.48E+01
173,4.81E+01
174,4.38E+01
175,2.72E+01
176,2.14E+01
177,1.67E+01
178,1.82E+01
179,9.50E+00
180,4.62E+01
181,4.82E+01
182,4.89E+01
183,4.85E+01
184,4.14E+01
185,1.96E+01
186,1.93E+01
187,3.79E+01
188,3.38E+01
189,4.75E+01
190,4.29E+01
191,4.40E+01
192,4.08E+01
193,4.10E+01
194,3.92E+01
195,3.87E+01
196,3.93E+01
197,4.42E+01
198,3.66E+01
199,4.81E+01
200,4.68E+01
201,2.92E+01
202,2.70E+01
203,1.98E+01
204,1.83E+01
205,1.92E+01
206,3.91E+01
207,4.17E+01
208,4.84E+01
209,4.91E+01
210,4.78E+01
211,4.73E+01
212,2.69E+01
213,1.42E+01
214,2.29E+01
215,2.25E+01
216,1.67E+01
217,2.29E+01
218,4.47E+01
219,4.75E+01
220,4.72E+01
221,4.49E+01
222,3.12E+01
223,2.14E+01
224,1.42E+01
225,2.44E+01
226,4.74E+01
227,4.80E+01
228,1.72E+01
229,2.55E+01
230,2.15E+01
231,1.93E+01
232,4.53E+01
233,4.84E+01
234,4.70E+01
235,2.29E+01
236,2.50E+01
237,2.14E+01
238,2.25E+01
239,4.37E+01
240,3.61E+01
241,3.90E+01
242,4.83E+01
243,4.97E+01
244,4.84E+01
245,4.89E+01
246,2.68E+01
247,2.28E+01
248,2.05E+01
249,2.03E+01
250,2.02E+01
251,3.01E+01
252,3.99E+01
253,3.13E+01
254,2.86E+01
255,4.74E+01
256,4.70E+01
257,4.48E+01
258,4.39E+01
259,4.25E+01
260,4.10E+01
261,3.88E+01
262,3.91E+01
263,4.19E+01
264,3.11E+01
265,3.88E+01
266,4.71E+01
267,4.49E+01
268,1.73E+01
269,2.22E+01
270,1.77E+01
271,1.84E+01
272,1.80E+01
273,1.42E+01
274,4.77E+01
275,4.79E+01
276,4.77E+01
277,4.75E+01
278,2.76E+01
279,1.57E+01
280,1.50E+01
281,2.32E+01
282,2.03E+01
283,1.56E+01
284,1.31E+01
285,1.39E+01
286,4.66E+01
287,4.71E+01
288,1.26E+01
289,1.44E+01
290,1.22E+01
291,9.67E+00
292,9.58E+00
293,2.49E+01
294,4.67E+01
295,4.93E+01
296,4.92E+01
297,2.93E+01
298,1.90E+01
299,3.27E+01
300,2.41E+01
301,2.01E+01
302,2.25E+01
303,4.35E+01
304,4.34E+01
305,5.06E+01
306,4.93E+01
307,4.93E+01
308,4.60E+01
309,2.71E+01
310,1.84E+01
311,7.44E+00
312,3.91E+01
313,2.88E+01
314,3.60E+01
315,4.94E+01
316,4.86E+01
317,3.89E+01
318,3.07E+01
319,3.51E+01
320,4.42E+01
321,4.71E+01
322,4.62E+01
323,4.73E+01
324,4.54E+01
325,4.33E+01
326,4.32E+01
327,3.96E+01
328,4.18E+01
329,3.45E+01
330,3.25E+01
331,4.26E+01
332,4.51E+01
333,3.43E+01
334,2.83E+01
335,4.50E+01
336,4.83E+01
337,4.84E+01
338,1.45E+01
339,2.23E+01
340,2.01E+01
341,2.35E+01
342,4.46E+01
343,4.40E+01
344,4.89E+01
345,4.76E+01
346,4.82E+01
347,1.66E+01
348,3.64E+01
349,4.97E+01
350,4.82E+01
351,4.81E+01
352,2.94E+01
353,1.61E+01
354,2.47E+01
355,1.93E+01
356,1.68E+01
357,2.05E+01
358,3.80E+01
359,4.71E+01
360,4.77E+01
361,4.99E+01
362,1.72E+01
363,2.51E+01
364,1.99E+01
365,1.78E+01
366,1.32E+01
367,2.27E+01
368,4.46E+01
369,5.01E+01
370,4.84E+01
371,4.79E+01
372,4.77E+01
373,2.05E+01
374,2.11E+01
375,9.71E+00
376,2.07E+01
377,3.36E+01
378,3.56E+01
379,4.80E+01
380,2.88E+01
381,1.96E+01
382,1.84E+01
383,3.11E+01
384,4.89E+01
385,4.76E+01
386,4.74E+01
387,4.43E+01
388,3.96E+01
389,3.83E+01
390,3.51E+01
391,3.38E+01
392,4.87E+01
393,4.91E+01
394,4.77E+01
395,1.76E+01
396,1.71E+01
397,2.42E+01
398,2.24E+01
399,1.49E+01
400,1.25E+01
401,3.65E+01
402,3.77E+01
403,4.92E+01
404,4.79E+01
405,4.50E+01
406,2.94E+01
407,1.82E+01
408,1.94E+01
409,1.62E+01
410,1.53E+01
411,8.49E+00
412,4.42E+01
413,3.83E+01
414,4.22E+01
415,4.90E+01
416,4.90E+01
417,4.88E+01
418,4.85E+01
419,2.96E+01
420,1.60E+01
421,9.29E+00
422,4.49E+01
423,3.75E+01
424,4.96E+01
425,5.02E+01
426,4.83E+01
427,3.69E+01
428,2.88E+01
429,3.87E+01
430,3.72E+01
431,4.69E+01
432,4.76E+01
433,4.50E+01
434,2.74E+01
435,3.17E+01
436,2.61E+01
437,2.30E+01
438,4.88E+01
439,4.90E+01
440,4.95E+01
441,3.68E+01
442,3.37E+01
443,3.15E+01
444,2.77E+01
445,3.93E+01
446,3.84E+01
447,3.92E+01
448,4.55E+01
449,4.46E+01
450,4.87E+01
451,4.58E+01
452,4.37E+01
453,4.44E+01
454,4.52E+01
455,4.13E+01
456,4.17E+01
457,4.61E+01
458,4.84E+01
459,4.92E+01
460,3.87E+01
461,2.77E+01
462,2.86E+01
463,2.64E+01
464,3.46E+01
465,3.95E+01
466,4.91E+01
467,4.99E+01
468,4.89E+01
469,4.82E+01
470,2.46E+01
471,2.81E+01
472,2.82E+01
473,2.30E+01
474,1.80E+01
475,2.58E+01
476,4.92E+01
477,4.74E+01
478,3.50E+01
479,2.90E+01
480,2.81E+01
481,2.64E+01
482,2.60E+01
483,4.90E+01
484,4.93E+01
485,4.79E+01
486,2.98E+01
487,3.20E+01
488,2.88E+01
489,1.82E+01
490,1.59E+01
491,4.13E+01
492,4.81E+01
493,4.88E+01
494,4.98E+01
495,4.78E+01
496,2.53E+01
497,3.32E+01
498,4.29E+01
499,4.89E+01
500,5.06E+01
501,5.11E+01
502,5.05E+01
503,4.99E+01
504,3.36E+01
505,3.37E+01
506,2.85E+01
507,2.69E+01
508,2.73E+01
509,4.47E+01
510,4.64E+01
511,4.67E+01
512,4.61E+01
513,4.53E+01
514,4.31E+01
515,4.04E+01
516,3.90E+01
517,4.29E+01
518,4.68E+01
519,4.65E+01
520,2.17E+01
521,2.72E+01
522,2.29E+01
523,2.29E+01
524,1.67E+01
525,4.90E+01
526,4.84E+01
527,4.89E+01
528,4.82E+01
529,2.70E+01
530,2.19E+01
531,2.36E+01
532,2.07E+01
533,1.85E+01
534,1.49E+01
535,4.69E+01
536,2.76E+01
537,1.75E+01
538,1.69E+01
539,1.83E+01
540,1.22E+01
541,1.06E+01
542,4.59E+01
543,4.53E+01
544,4.83E+01
545,4.56E+01
546,1.65E+01
547,1.96E+01
548,2.02E+01
549,1.90E+01
550,1.33E+01
551,3.67E+01
552,4.24E+01
553,4.82E+01
554,4.78E+01
555,4.53E+01
556,2.94E+01
557,1.86E+01
558,2.32E+01
559,2.24E+01
560,1.84E+01
561,1.93E+01
562,1.88E+01
563,1.68E+01
564,1.32E+01
565,1.21E+01
566,4.58E+01
567,3.67E+01
568,3.94E+01
569,5.06E+01
570,5.01E+01
571,3.47E+01
572,4.24E+01
573,4.59E+01
574,4.72E+01
575,4.75E+01
576,4.73E+01
577,4.52E+01
578,4.03E+01
579,4.36E+01
580,4.32E+01
581,3.54E+01
582,4.89E+01
583,4.90E+01
584,1.64E+01
585,1.92E+01
586,2.72E+01
587,2.49E+01
588,2.06E+01
589,1.92E+01
590,2.04E+01
591,1.91E+01
592,4.71E+01
593,4.91E+01
594,4.95E+01
595,4.75E+01
596,4.55E+01
597,2.94E+01
598,2.68E+01
599,2.09E+01
600,1.51E+01
601,4.78E+01
602,4.78E+01
603,4.43E+01
604,1.54E+01
605,1.85E+01
606,3.73E+01
607,3.98E+01
608,4.69E+01
609,4.78E+01
610,4.59E+01
611,4.58E+01
612,4.14E+01
613,1.43E+01
614,1.87E+01
615,1.44E+01
616,1.34E+01
617,1.65E+01
618,1.02E+01
619,2.03E+01
620,3.80E+01
621,5.10E+01
622,5.09E+01
623,4.94E+01
624,4.60E+01
625,3.05E+01
626,1.92E+01
627,1.67E+01
628,1.88E+01
629,1.06E+01
630,2.31E+01
631,5.10E+01
632,4.95E+01
633,4.81E+01
634,4.35E+01
635,2.82E+01
636,2.44E+01
637,4.73E+01
638,4.75E+01
639,4.71E+01
640,4.23E+01
641,4.17E+01
642,4.30E+01
643,4.11E+01
644,3.88E+01
645,3.71E+01
646,3.52E+01
647,4.80E+01
648,4.81E+01
649,4.81E+01
650,4.55E+01
651,1.65E+01
652,1.74E+01
653,1.26E+01
654,2.44E+01
655,4.71E+01
656,4.77E+01
657,4.71E+01
658,4.64E+01
659,4.56E+01
660,4.34E+01
661,1.62E+01
662,2.49E+01
663,1.73E+01
664,1.79E+01
665,1.60E+01
666,1.48E+01
667,8.44E+00
668,4.25E+01
669,3.88E+01
670,4.35E+01
671,4.73E+01
672,4.36E+01
673,2.23E+01
674,1.90E+01
675,3.61E+01
676,4.86E+01
677,4.81E+01
678,4.69E+01
679,1.60E+01
680,2.23E+01
681,1.86E+01
682,1.78E+01
683,1.64E+01
684,4.33E+01
685,4.80E+01
686,4.73E+01
687,4.68E+01
688,4.45E+01
689,2.57E+01
690,1.55E+01
691,2.18E+01
692,1.60E+01
693,1.55E+01
694,4.95E+01
695,4.89E+01
696,4.08E+01
697,2.77E+01
698,2.57E+01
699,2.06E+01
700,1.88E+01
701,1.83E+01
702,3.96E+01
703,4.54E+01
704,4.78E+01
705,4.78E+01
706,4.74E+01
707,4.65E+01
708,4.32E+01
709,4.33E+01
710,4.03E+01
711,4.18E+01
712,4.22E+01
713,4.00E+01
714,3.73E+01
715,4.42E+01
716,3.74E+01
717,4.61E+01
718,4.74E+01
719,2.63E+01
720,1.35E+01
721,1.01E+01
722,7.96E+00
723,4.27E+01
724,4.18E+01
725,4.76E+01
726,4.71E+01
727,2.56E+01
728,1.78E+01
729,1.59E+01
730,1.14E+01
731,4.33E+01
732,4.76E+01
733,4.80E+01
734,4.32E+01
735,9.08E+00
736,1.44E+01
737,1.21E+01
738,1.14E+01
739,5.04E+00
740,3.29E+01
741,4.04E+01
742,4.76E+01
743,4.86E+01
744,4.76E+01
745,2.65E+01
746,1.92E+01
747,2.31E+01
748,2.31E+01
749,1.98E+01
750,1.76E+01
751,1.62E+01
752,4.01E+01
753,4.88E+01
754,4.84E+01
755,4.71E+01
756,4.69E+01
757,1.45E+01
758,1.94E+01
759,1.76E+01
760,1.55E+01
761,1.09E+01
762,2.05E+01
763,4.45E+01
764,3.53E+01
765,3.79E+01
766,4.92E+01
767,4.86E+01
768,4.20E+01
769,2.06E+01
770,1.88E+01
771,1.94E+01
772,3.30E+01
773,4.71E+01
774,4.72E+01
775,4.70E+01
776,4.69E+01
777,4.61E+01
778,4.17E+01
779,3.73E+01
780,4.82E+01
781,4.83E+01
782,4.78E+01
783,1.60E+01
784,1.75E+01
785,1.85E+01
786,1.59E+01
787,1.72E+01
788,9.83E+00
789,2.09E+01
790,4.73E+01
791,4.78E+01
792,4.65E+01
793,4.73E+01
794,1.87E+01
795,1.89E+01
796,1.49E+01
797,8.43E+00
798,1.90E+01
799,4.72E+01
800,2.49E+01
801,1.23E+01
802,1.60E+01
803,1.41E+01
804,1.31E+01
805,9.28E+00
806,3.48E+01
807,4.36E+01
808,4.78E+01
809,4.73E+01
810,4.78E+01
811,4.73E+01
812,2.43E+01
813,1.23E+01
814,2.01E+01
815,1.96E+01
816,1.58E+01
817,4.36E+01
818,3.44E+01
819,5.14E+01
820,5.04E+01
821,2.41E+01
822,3.10E+01
823,2.66E+01
824,2.49E+01
825,2.61E+01
826,4.99E+01
827,4.94E+01
828,3.79E+01
829,3.35E+01
830,3.50E+01
831,2.86E+01
832,4.66E+01
833,3.91E+01
834,4.79E+01
835,4.78E+01
836,4.59E+01
837,4.34E+01
838,3.98E+01
839,3.91E+01
840,4.95E+01
841,4.94E+01
842,4.91E+01
843,3.33E+01
844,2.70E+01
845,2.16E+01
846,2.61E+01
847,4.15E+01
848,4.91E+01
849,4.96E+01
850,4.91E+01
851,1.53E+01
852,2.61E+01
853,2.44E+01
854,2.20E+01
855,2.43E+01
856,1.91E+01
857,4.26E+01
858,4.71E+01
859,4.83E+01
860,4.78E+01
861,4.72E+01
862,1.80E+01
863,2.53E+01
864,2.65E+01
865,2.47E+01
866,2.73E+01
867,4.43E+01
868,3.79E+01
869,4.97E+01
870,4.86E+01
871,3.35E+01
872,3.12E+01
873,2.12E+01
874,4.53E+01
875,4.63E+01
876,4.89E+01
877,4.85E+01
878,4.91E+01
879,2.03E+01
880,1.22E+01
881,1.13E+01
882,2.12E+01
883,4.68E+01
884,3.71E+01
885,4.77E+01
886,4.80E+01
887,4.48E+01
888,4.86E+01
889,4.93E+01
890,4.46E+01
891,2.87E+01
892,2.75E+01
893,2.73E+01
894,3.71E+01
895,4.80E+01
896,4.82E+01
897,4.24E+01
898,4.43E+01
899,4.22E+01
900,4.79E+01
901,4.77E+01
902,4.64E+01
903,2.63E+01
904,1.58E+01
905,1.75E+01
906,2.17E+01
907,1.78E+01
908,1.46E+01
909,1.13E+01
910,3.64E+01
911,4.36E+01
912,4.72E+01
913,4.74E+01
914,4.68E+01
915,2.36E+01
916,2.24E+01
917,1.61E+01
918,1.78E+01
919,1.21E+01
920,4.77E+01
921,4.83E+01
922,4.76E+01
923,1.49E+01
924,2.54E+01
925,2.34E+01
926,1.67E+01
927,1.83E+01
928,1.19E+01
929,1.02E+01
930,1.99E+01
931,3.47E+01
932,4.45E+01
933,4.80E+01
934,1.56E+01
935,1.84E+01
936,1.85E+01
937,1.65E+01
938,1.22E+01
939,2.08E+01
940,4.33E+01
941,4.86E+01
942,4.85E+01
943,4.72E+01
944,4.69E+01
945,2.78E+01
946,1.44E+01
947,2.28E+01
948,2.13E+01
949,1.55E+01
950,3.86E+01
951,4.75E+01
952,4.87E+01
953,4.70E+01
954,4.07E+01
955,2.31E+01
956,2.32E+01
957,1.76E+01
958,3.91E+01
959,3.52E+01
960,4.56E+01
961,4.91E+01
962,4.84E+01
963,4.75E+01
964,4.62E+01
965,4.51E+01
966,4.26E+01
967,4.03E+01
968,4.17E+01
969,4.29E+01
970,3.79E+01
971,3.83E+01
972,4.60E+01
973,1.35E+01
974,1.69E+01
975,2.22E+01
976,1.90E+01
977,1.70E+01
978,1.65E+01
979,1.25E+01
980,1.04E+01
981,2.20E+01
982,4.46E+01
983,4.88E+01
984,4.92E+01
985,4.78E+01
986,2.45E+01
987,1.79E+01
988,1.66E+01
989,1.09E+01
990,3.71E+01
991,4.49E+01
992,4.92E+01
993,4.79E+01
994,4.74E+01
995,4.67E+01
996,2.73E+01
997,1.48E+01
998,1.68E+01
999,2.16E+01
1000,1.74E+01
1001,1.66E+01
1002,1.75E+01
1003,1.14E+01
1004,2.12E+01
1005,4.67E+01
1006,4.83E+01
1007,4.73E+01
1008,4.58E+01
1009,2.69E+01
1010,1.78E+01
1011,1.96E+01
1012,1.41E+01
1013,1.32E+01
1014,4.12E+01
1015,4.87E+01
1016,4.79E+01
1017,2.78E+01
1018,1.92E+01
1019,2.55E+01
1020,1.81E+01
1021,1.91E+01
1022,1.23E+01
1023,3.94E+01
1024,4.64E+01
1025,3.70E+01
1026,4.85E+01
1027,2.64E+01
1028,2.04E+01
1029,1.83E+01
1030,2.02E+01
1031,1.96E+01
1032,1.86E+01
1033,3.95E+01
1034,3.85E+01
1035,4.46E+01
1036,4.62E+01
1037,4.68E+01
1038,4.41E+01
1039,4.21E+01
1040,4.24E+01
1041,4.07E+01
1042,3.80E+01
1043,3.60E+01
1044,4.41E+01
1045,3.84E+01
1046,3.95E+01
1047,4.79E+01
1048,4.70E+01
1049,4.72E+01
1050,2.82E+01
1051,2.23E+01
1052,1.79E+01
1053,9.21E+00
1054,4.44E+01
1055,4.80E+01
1056,4.73E+01
1057,4.57E+01
1058,4.33E+01
1059,1.22E+01
1060,2.28E+01
1061,1.71E+01
1062,1.04E+01
1063,3.55E+01
1064,4.60E+01
1065,4.18E+01
1066,4.90E+01
1067,4.75E+01
1068,4.79E+01
1069,4.73E+01
1070,4.67E+01
1071,4.44E+01
1072,1.39E+01
1073,1.71E+01
1074,1.56E+01
1075,1.90E+01
1076,3.43E+01
1077,4.84E+01
1078,4.43E+01
1079,1.28E+01
1080,1.65E+01
1081,1.58E+01
1082,1.79E+01
1083,1.45E+01
1084,4.30E+01
1085,3.65E+01
1086,4.22E+01
1087,4.72E+01
1088,1.76E+01
1089,1.05E+01
1090,3.65E+01
1091,3.90E+01
1092,4.82E+01
1093,4.73E+01
1094,4.58E+01
1095,3.88E+01
1096,2.43E+01
1097,2.09E+01
1098,1.60E+01
1099,1.76E+01
1100,1.73E+01
1101,3.14E+01
1102,4.03E+01
1103,3.82E+01
1104,3.47E+01
1105,3.52E+01
1106,4.75E+01
1107,4.72E+01
1108,4.34E+01
1109,4.21E+01
1110,4.24E+01
1111,4.09E+01
1112,3.72E+01
1113,4.45E+01
1114,4.40E+01
1115,4.82E+01
1116,4.73E+01
1117,4.74E+01
1118,2.53E+01
1119,2.20E+01
1120,3.16E+01
1121,3.84E+01
1122,4.09E+01
1123,4.85E+01
1124,4.48E+01
1125,3.13E+01
1126,3.12E+01
1127,2.91E+01
1128,3.35E+01
1129,3.79E+01
1130,4.49E+01
1131,4.88E+01
1132,4.73E+01
1133,4.50E+01
1134,2.72E+01
1135,1.73E+01
1136,1.98E+01
1137,1.85E+01
1138,1.84E+01
1139,1.14E+01
1140,4.67E+01
1141,4.22E+01
1142,4.80E+01
1143,4.88E+01
1144,4.75E+01
1145,2.67E+01
1146,1.67E+01
1147,1.75E+01
1148,4.65E+01
1149,4.54E+01
1150,1.49E+01
1151,2.44E+01
1152,2.26E+01
1153,1.67E+01
1154,1.78E+01
1155,1.21E+01
1156,1.09E+01
1157,2.05E+01
1158,3.79E+01
1159,3.66E+01
1160,4.79E+01
1161,4.73E+01
1162,4.87E+01
1163,4.78E+01
1164,2.69E+01
1165,2.07E+01
1166,2.09E+01
1167,1.94E+01
1168,4.59E+01
1169,4.69E+01
1170,4.60E+01
1171,4.10E+01
1172,3.79E+01
1173,3.79E+01
1174,4.59E+01
1175,4.73E+01
1176,4.69E+01
1177,2.80E+01
1178,1.45E+01
1179,1.83E+01
1180,1.97E+01
1181,2.17E+01
1182,1.31E+01
1183,4.62E+01
1184,4.50E+01
1185,4.67E+01
1186,4.62E+01
1187,4.58E+01
1188,2.26E+01
1189,1.45E+01
1190,1.56E+01
1191,1.71E+01
1192,3.69E+01
1193,4.62E+01
1194,4.72E+01
1195,4.67E+01
1196,4.57E+01
1197,4.35E+01
1198,2.42E+01
1199,4.37E+01
1200,4.74E+01
1201,4.72E+01
1202,4.17E+01
1203,1.40E+01
1204,1.86E+01
1205,1.45E+01
1206,1.50E+01
1207,9.57E+00
1208,1.84E+01
1209,3.55E+01
1210,4.66E+01
1211,4.62E+01
1212,2.23E+01
1213,2.24E+01
1214,1.98E+01
1215,1.86E+01
1216,4.72E+01
1217,4.83E+01
1218,4.73E+01
1219,4.08E+01
1220,2.44E+01
1221,2.01E+01
1222,1.86E+01
1223,1.92E+01
1224,1.82E+01
1225,1.73E+01
1226,1.74E+01
1227,3.86E+01
1228,3.47E+01
1229,3.53E+01
1230,4.69E+01
1231,4.70E+01
1232,3.98E+01
1233,3.98E+01
1234,3.85E+01
1235,4.86E+01
1236,1.53E+01
1237,2.19E+01
1238,1.89E+01
1239,1.43E+01
1240,2.36E+01
1241,4.51E+01
1242,3.81E+01
1243,4.20E+01
1244,4.89E+01
1245,4.72E+01
1246,1.69E+01
1247,2.43E+01
1248,2.38E+01
1249,1.36E+01
1250,4.59E+01
1251,4.96E+01
1252,4.80E+01
1253,4.79E+01
1254,2.22E+01
1255,1.66E+01
1256,1.70E+01
1257,3.77E+01
1258,4.77E+01
1259,4.69E+01
1260,4.66E+01
1261,4.43E+01
1262,2.64E+01
1263,2.20E+01
1264,1.71E+01
1265,1.78E+01
1266,1.61E+01
1267,1.67E+01
1268,1.95E+01
1269,4.81E+01
1270,4.79E+01
1271,4.82E+01
1272,4.52E+01
1273,1.38E+01
1274,1.49E+01
1275,1.92E+01
1276,1.84E+01
1277,1.23E+01
1278,2.01E+01
1279,3.64E+01
1280,4.33E+01
1281,3.67E+01
1282,4.74E+01
1283,4.84E+01
1284,4.81E+01
1285,2.42E+01
1286,2.45E+01
1287,1.99E+01
1288,2.20E+01
1289,1.99E+01
1290,3.46E+01
1291,4.80E+01
1292,4.74E+01
1293,4.34E+01
1294,4.22E+01
1295,4.11E+01
1296,4.15E+01
1297,3.74E+01
1298,4.37E+01
1299,4.71E+01
1300,4.68E+01
1301,4.43E+01
1302,2.24E+01
1303,1.50E+01
1304,2.41E+01
1305,4.97E+01
1306,4.91E+01
1307,4.89E+01
1308,4.90E+01
1309,2.73E+01
1310,2.34E+01
1311,2.92E+01
1312,2.47E+01
1313,2.49E+01
1314,1.70E+01
1315,2.46E+01
1316,4.04E+01
1317,4.29E+01
1318,4.58E+01
1319,4.71E+01
1320,4.71E+01
1321,4.42E+01
1322,1.59E+01
1323,1.82E+01
1324,1.98E+01
1325,2.38E+01
1326,4.83E+01
1327,2.22E+01
1328,1.96E+01
1329,1.53E+01
1330,1.93E+01
1331,1.30E+01
1332,2.12E+01
1333,3.77E+01
1334,3.84E+01
1335,4.86E+01
1336,4.75E+01
1337,4.60E+01
1338,1.66E+01
1339,1.97E+01
1340,1.88E+01
1341,1.73E+01
1342,4.99E+01
1343,4.92E+01
1344,4.31E+01
1345,2.95E+01
1346,2.54E+01
1347,1.94E+01
1348,1.82E+01
1349,3.87E+01
1350,4.11E+01
1351,3.91E+01
1352,4.00E+01
1353,4.15E+01
1354,4.28E+01
1355,3.90E+01
1356,4.53E+01
1357,3.81E+01
1358,4.75E+01
1359,2.72E+01
1360,2.56E+01
1361,2.32E+01
1362,1.88E+01
1363,1.58E+01
1364,1.87E+01
1365,1.48E+01
1366,1.26E+01
1367,3.86E+01
1368,4.77E+01
1369,2.51E+01
1370,2.45E+01
1371,1.60E+01
1372,9.67E+00
1373,3.71E+01
1374,4.75E+01
1375,4.78E+01
1376,4.80E+01
1377,2.40E+01
1378,1.82E+01
1379,4.22E+01
1380,4.44E+01
1381,4.73E+01
1382,1.88E+01
1383,1.01E+01
1384,3.50E+01
1385,4.32E+01
1386,4.14E+01
1387,4.82E+01
1388,4.85E+01
1389,4.56E+01
1390,1.34E+01
1391,1.46E+01
1392,1.92E+01
1393,1.46E+01
1394,1.59E+01
1395,1.20E+01
1396,4.30E+01
1397,4.95E+01
1398,4.91E+01
1399,4.93E+01
1400,2.37E+01
1401,2.28E+01
1402,4.75E+01
1403,4.71E+01
1404,4.67E+01
1405,4.41E+01
1406,4.17E+01
1407,4.16E+01
1408,4.41E+01
1409,4.18E+01
1410,4.62E+01
1411,4.57E+01
1412,4.70E+01
1413,4.74E+01
1414,1.18E+01
1415,2.44E+01
1416,3.45E+01
1417,4.64E+01
1418,4.60E+01
1419,4.58E+01
1420,1.61E+01
1421,1.80E+01
1422,1.72E+01
1423,1.62E+01
1424,1.61E+01
1425,1.22E+01
1426,1.13E+01
1427,2.30E+01
1428,3.89E+01
1429,4.69E+01
1430,4.75E+01
1431,4.63E+01
1432,4.50E+01
1433,4.30E+01
1434,2.02E+01
1435,1.58E+01
1436,1.85E+01
1437,2.07E+01
1438,1.25E+01
1439,2.08E+01
1440,3.52E+01
1441,4.42E+01
1442,4.75E+01
1443,4.70E+01
1444,4.39E+01
1445,2.75E+01
1446,1.83E+01
1447,4.31E+01
1448,4.56E+01
1449,4.40E+01
1450,2.87E+01
1451,1.37E+01
1452,1.70E+01
1453,1.69E+01
1454,1.04E+01
1455,3.63E+01
1456,3.83E+01
1457,4.94E+01
1458,4.79E+01
1459,4.69E+01
1460,1.96E+01
1461,1.77E+01
1462,2.28E+01
1463,3.80E+01
1464,4.54E+01
1465,4.72E+01
1466,4.72E+01
1467,4.66E+01
1468,4.36E+01
1469,4.10E+01
1470,4.11E+01
1471,4.29E+01
1472,4.64E+01
1473,4.59E+01
1474,1.30E+01
1475,1.42E+01
1476,1.97E+01
1477,1.13E+01
1478,3.98E+01
1479,3.93E+01
1480,4.72E+01
1481,4.64E+01
1482,4.59E+01
1483,2.73E+01
1484,2.35E+01
1485,2.28E+01
1486,1.97E+01
1487,1.69E+01
1488,1.16E+01
1489,9.60E+00
1490,2.04E+01
1491,3.37E+01
1492,4.70E+01
1493,4.53E+01
1494,4.45E+01
1495,4.15E+01
1496,1.90E+01
1497,1.97E+01
1498,1.86E+01
1499,1.32E+01
1500,2.38E+01
1501,3.54E+01
1502,4.39E+01
1503,4.84E+01
1504,4.71E+01
1505,4.50E+01
1506,1.46E+01
1507,1.94E+01
1508,2.14E+01
1509,2.02E+01
1510,1.88E+01
1511,1.40E+01
1512,1.28E+01
1513,3.49E+01
1514,4.53E+01
1515,3.88E+01
1516,4.51E+01
1517,2.14E+01
1518,7.64E+00
1519,3.47E+01
1520,3.83E+01
1521,4.76E+01
1522,4.71E+01
1523,2.63E+01
1524,2.39E+01
1525,2.18E+01
1526,2.08E+01
1527,1.88E+01
1528,4.04E+01
1529,3.25E+01
1530,4.57E+01
1531,4.64E+01
1532,3.78E+01
1533,4.04E+01
1534,4.44E+01
1535,4.36E+01
1536,3.73E+01
1537,4.91E+01
1538,4.85E+01
1539,4.89E+01
1540,4.83E+01
1541,4.55E+01
1542,2.91E+01
1543,2.94E+01
1544,3.10E+01
1545,3.08E+01
1546,2.84E+01
1547,3.85E+01
1548,4.83E+01
1549,4.89E+01
1550,4.78E+01
1551,4.47E+01
1552,2.90E+01
1553,2.37E+01
1554,1.90E+01
1555,1.60E+01
1556,9.24E+00
1557,2.12E+01
1558,3.55E+01
1559,4.57E+01
1560,4.75E+01
1561,4.73E+01
1562,4.72E+01
1563,1.22E+01
1564,1.98E+01
1565,1.11E+01
1566,8.92E+00
1567,1.89E+01
1568,4.28E+01
1569,4.82E+01
1570,2.34E+01
1571,2.35E+01
1572,1.87E+01
1573,1.77E+01
1574,1.06E+01
1575,2.08E+01
1576,4.49E+01
1577,4.27E+01
1578,4.74E+01
1579,4.73E+01
1580,4.59E+01
1581,4.23E+01
1582,2.59E+01
1583,1.74E+01
1584,1.26E+01
1585,6.66E+00
1586,3.89E+01
1587,4.23E+01
1588,3.17E+01
1589,3.68E+01
1590,4.65E+01
1591,4.67E+01
1592,4.67E+01
1593,4.15E+01
1594,2.75E+01
1595,1.83E+01
1596,1.36E+01
1597,3.19E+01
1598,4.09E+01
1599,3.30E+01
1600,4.44E+01
1601,4.53E+01
1602,4.34E+01
1603,4.08E+01
1604,3.78E+01
1605,3.59E+01
1606,3.77E+01
1607,3.78E+01
1608,3.20E+01
1609,4.68E+01
1610,4.71E+01
1611,4.64E+01
1612,4.50E+01
1613,1.87E+01
1614,1.94E+01
1615,2.07E+01
1616,1.90E+01
1617,3.37E+01
1618,3.94E+01
1619,4.78E+01
1620,4.82E+01
1621,4.74E+01
1622,4.78E+01
1623,4.66E+01
1624,4.44E+01
1625,2.65E+01
1626,1.57E+01
1627,2.42E+01
1628,2.33E+01
1629,1.82E+01
1630,1.13E+01
1631,4.77E+01
1632,4.84E+01
1633,4.73E+01
1634,4.77E+01
1635,4.66E+01
1636,4.41E+01
1637,1.59E+01
1638,2.25E+01
1639,2.18E+01
1640,1.71E+01
1641,8.95E+00
1642,1.89E+01
1643,3.34E+01
1644,4.21E+01
1645,4.72E+01
1646,4.75E+01
1647,4.67E+01
1648,2.12E+01
1649,1.63E+01
1650,1.71E+01
1651,1.58E+01
1652,9.21E+00
1653,1.96E+01
1654,3.54E+01
1655,3.78E+01
1656,4.75E+01
1657,4.53E+01
1658,1.39E+01
1659,1.97E+01
1660,2.09E+01
1661,1.66E+01
1662,1.66E+01
1663,1.80E+01
1664,1.71E+01
1665,3.49E+01
1666,4.55E+01
1667,3.86E+01
1668,2.46E+01
1669,2.11E+01
1670,2.22E+01
1671,1.86E+01
1672,3.91E+01
1673,3.56E+01
1674,3.53E+01
1675,4.30E+01
1676,4.73E+01
1677,4.69E+01
1678,3.57E+01
1679,4.91E+01
1680,4.65E+01
1681,4.71E+01
1682,4.79E+01
1683,4.76E+01
1684,4.11E+01
1685,3.14E+01
1686,3.42E+01
1687,2.81E+01
1688,2.91E+01
1689,2.98E+01
1690,2.01E+01
1691,3.35E+01
1692,4.32E+01
1693,3.96E+01
1694,4.66E+01
1695,4.70E+01
1696,4.48E+01
1697,8.94E+00
1698,1.86E+01
1699,2.21E+01
1700,4.58E+01
1701,4.68E+01
1702,3.12E+01
1703,1.40E+01
1704,1.49E+01
1705,1.89E+01
1706,1.95E+01
1707,1.20E+01
1708,2.20E+01
1709,4.01E+01
1710,4.50E+01
1711,4.81E+01
1712,4.78E+01
1713,4.44E+01
1714,2.26E+01
1715,2.03E+01
1716,2.12E+01
1717,1.47E+01
1718,4.49E+01
1719,4.27E+01
1720,4.47E+01
1721,4.60E+01
1722,4.35E+01
1723,2.80E+01
1724,1.87E+01
1725,2.00E+01
1726,3.78E+01
1727,4.45E+01
1728,4.68E+01
1729,3.79E+01
1730,1.75E+01
1731,1.58E+01
1732,4.20E+01
1733,4.84E+01
1734,4.73E+01
1735,4.69E+01
1736,4.39E+01
1737,4.12E+01
1738,4.23E+01
1739,4.40E+01
1740,3.99E+01
1741,4.08E+01
1742,3.62E+01
1743,4.35E+01
1744,3.65E+01
1745,4.28E+01
1746,1.07E+01
1747,1.60E+01
1748,2.35E+01
1749,3.37E+01
1750,3.80E+01
1751,4.80E+01
1752,4.83E+01
1753,1.61E+01
1754,2.46E+01
1755,2.13E+01
1756,2.08E+01
1757,3.49E+01
1758,4.82E+01
1759,4.76E+01
1760,4.79E+01
1761,4.72E+01
1762,4.44E+01
1763,1.40E+01
1764,1.81E+01
1765,1.75E+01
1766,2.26E+01
1767,4.98E+01
1768,4.89E+01
1769,4.84E+01
1770,2.40E+01
1771,2.04E+01
1772,1.52E+01
1773,4.61E+01
1774,4.52E+01
1775,4.56E+01
1776,4.47E+01
1777,4.43E+01
1778,9.66E+00
1779,1.51E+01
1780,1.77E+01
1781,1.73E+01
1782,2.55E+01
1783,4.24E+01
1784,4.29E+01
1785,4.60E+01
1786,4.03E+01
1787,2.85E+01
1788,2.33E+01
1789,2.36E+01
1790,2.31E+01
1791,2.67E+01
1792,2.56E+01
1793,2.37E+01
1794,4.35E+01
1795,4.02E+01
1796,4.00E+01
1797,4.52E+01
1798,4.56E+01
1799,4.54E+01
1800,4.38E+01
1801,4.21E+01
1802,4.39E+01
1803,3.88E+01
1804,4.08E+01
1805,4.12E+01
1806,3.59E+01
1807,4.12E+01
1808,4.24E+01
1809,4.60E+01
1810,4.63E+01
1811,4.53E+01
1812,4.55E+01
1813,4.50E+01
1814,1.42E+01
1815,2.14E+01
1816,2.24E+01
1817,1.65E+01
1818,2.56E+01
1819,3.92E+01
1820,4.32E+01
1821,4.84E+01
1822,4.78E+01
1823,1.51E+01
1824,1.86E+01
1825,2.36E+01
1826,1.90E+01
1827,2.16E+01
1828,2.46E+01
1829,4.36E+01
1830,4.00E+01
1831,4.85E+01
1832,4.66E+01
1833,4.43E+01
1834,2.84E+01
1835,1.63E+01
1836,2.06E+01
1837,2.13E+01
1838,2.31E+01
1839,2.16E+01
1840,2.18E+01
1841,3.62E+01
1842,3.51E+01
1843,4.58E+01
1844,2.07E+01
1845,1.80E+01
1846,1.87E+01
1847,1.06E+01
1848,3.99E+01
1849,4.75E+01
1850,4.69E+01
1851,4.46E+01
1852,2.45E+01
1853,2.38E+01
1854,2.12E+01
1855,2.02E+01
1856,1.88E+01
1857,3.80E+01
1858,3.12E+01
1859,4.97E+01
1860,4.87E+01
1861,2.63E+01
1862,2.85E+01
1863,2.53E+01
1864,2.21E+01
1865,4.65E+01
1866,4.67E+01
1867,4.59E+01
1868,4.29E+01
1869,4.27E+01
1870,4.01E+01
1871,3.89E+01
1872,4.34E+01
1873,3.54E+01
1874,4.92E+01
1875,4.78E+01
1876,4.70E+01
1877,4.45E+01
1878,2.57E+01
1879,2.23E+01
1880,1.18E+01
1881,4.90E+01
1882,4.98E+01
1883,4.86E+01
1884,4.80E+01
1885,1.94E+01
1886,2.53E+01
1887,2.02E+01
1888,1.93E+01
1889,1.93E+01
1890,4.87E+01
1891,1.91E+01
1892,2.65E+01
1893,2.63E+01
1894,2.11E+01
1895,1.42E+01
1896,4.77E+01
1897,4.80E+01
1898,1.97E+01
1899,1.92E+01
1900,1.22E+01
1901,2.29E+01
1902,3.80E+01
1903,4.88E+01
1904,4.52E+01
1905,1.62E+01
1906,1.87E+01
1907,1.73E+01
1908,1.61E+01
1909,1.18E+01
1910,1.96E+01
1911,4.85E+01
1912,4.80E+01
1913,2.63E+01
1914,2.30E+01
1915,2.49E+01
1916,2.02E+01
1917,1.95E+01
1918,3.21E+01
1919,4.11E+01
1920,3.94E+01
1921,4.75E+01
1922,4.28E+01
1923,3.87E+01
1924,3.92E+01
1925,4.04E+01
1926,4.35E+01
1927,4.37E+01
1928,4.46E+01
1929,4.74E+01
1930,3.23E+01
1931,1.70E+01
1932,2.08E+01
1933,2.18E+01
1934,2.24E+01
1935,2.12E+01
1936,4.75E+01
1937,4.35E+01
1938,4.74E+01
1939,4.79E+01
1940,4.72E+01
1941,4.49E+01
1942,3.03E+01
1943,1.43E+01
1944,2.22E+01
1945,2.11E+01
1946,1.49E+01
1947,2.16E+01
1948,4.12E+01
1949,4.30E+01
1950,4.88E+01
1951,4.71E+01
1952,4.47E+01
1953,3.02E+01
1954,1.48E+01
1955,1.79E+01
1956,2.07E+01
1957,1.51E+01
1958,1.20E+01
1959,3.99E+01
1960,4.69E+01
1961,4.84E+01
1962,4.74E+01
1963,4.72E+01
1964,4.38E+01
1965,2.27E+01
1966,1.91E+01
1967,4.63E+01
1968,4.41E+01
1969,4.88E+01
1970,4.50E+01
1971,1.38E+01
1972,1.53E+01
1973,1.78E+01
1974,1.53E+01
1975,1.14E+01
1976,2.11E+01
1977,3.67E+01
1978,4.81E+01
1979,4.77E+01
1980,4.74E+01
1981,4.64E+01
1982,4.24E+01
1983,2.76E+01
1984,2.99E+01
1985,2.09E+01
1986,2.11E+01
1987,2.06E+01
1988,3.95E+01
1989,4.34E+01
1990,4.68E+01
1991,4.64E+01
1992,4.63E+01
1993,4.15E+01
1994,3.76E+01
1995,3.49E+01
1996,3.35E+01
1997,3.41E+01
1998,4.78E+01
1999,2.89E+01
2000,1.68E+01
2001,1.85E+01
2002,1.75E+01
2003,1.49E+01
2004,2.34E+01
2005,4.59E+01
2006,4.48E+01
2007,4.81E+01
2008,1.66E+01
2009,1.92E+01
2010,2.21E+01
2011,1.77E+01
2012,1.24E+01
2013,1.72E+01
2014,2.08E+01
2015,1.81E+01
2016,1.62E+01
2017,1.21E+01
2018,3.35E+01
2019,3.55E+01
2020,3.98E+01
2021,4.76E+01
2022,4.74E+01
2023,4.68E+01
2024,2.29E+01
2025,1.75E+01
2026,2.10E+01
2027,2.10E+01
2028,1.65E+01
2029,4.75E+01
2030,4.10E+01
2031,4.55E+01
2032,4.74E+01
2033,4.54E+01
2034,1.71E+01
2035,1.58E+01
2036,1.44E+01
2037,1.46E+01
2038,7.65E+00
2039,4.52E+01
2040,4.51E+01
2041,4.63E+01
2042,2.60E+01
2043,3.07E+01
2044,2.49E+01
2045,2.38E+01
2046,4.40E+01
2047,4.06E+01
2048,3.55E+01
2049,4.21E+01
2050,3.92E+01
2051,4.36E+01
2052,3.85E+01
2053,4.78E+01
2054,4.85E+01
2055,4.64E+01
2056,1.97E+01
2057,2.67E+01
2058,2.45E+01
2059,2.22E+01
2060,2.44E+01
2061,1.81E+01
2062,1.54E+01
2063,4.62E+01
2064,4.70E+01
2065,4.61E+01
2066,1.83E+01
2067,2.30E+01
2068,2.06E+01
2069,2.03E+01
2070,1.32E+01
2071,3.75E+01
2072,4.00E+01
2073,4.38E+01
2074,4.75E+01
2075,2.75E+01
2076,1.39E+01
2077,1.94E+01
2078,1.85E+01
2079,2.03E+01
2080,2.19E+01
2081,3.42E+01
2082,4.69E+01
2083,4.58E+01
2084,4.38E+01
2085,1.61E+01
2086,2.18E+01
2087,1.70E+01
2088,1.70E+01
2089,4.06E+01
2090,4.31E+01
2091,4.72E+01
2092,4.59E+01
2093,4.70E+01
2094,4.34E+01
2095,1.51E+01
2096,1.96E+01
2097,1.34E+01
2098,1.83E+01
2099,2.00E+01
2100,1.48E+01
2101,3.80E+01
2102,4.82E+01
2103,4.91E+01
2104,4.74E+01
2105,4.62E+01
2106,2.49E+01
2107,2.18E+01
2108,2.22E+01
2109,1.99E+01
2110,1.60E+01
2111,1.74E+01
2112,1.67E+01
2113,3.05E+01
2114,4.65E+01
2115,4.86E+01
2116,4.70E+01
2117,4.23E+01
2118,4.23E+01
2119,3.86E+01
2120,4.00E+01
2121,3.90E+01
2122,4.11E+01
2123,4.31E+01
2124,3.51E+01
2125,3.30E+01
2126,4.72E+01
2127,4.79E+01
2128,4.67E+01
2129,4.51E+01
2130,4.30E+01
2131,1.55E+01
2132,1.98E+01
2133,2.03E+01
2134,1.73E+01
2135,1.92E+01
2136,1.82E+01
2137,9.97E+00
2138,4.75E+01
2139,4.82E+01
2140,1.66E+01
2141,1.76E+01
2142,4.07E+01
2143,4.96E+01
2144,4.84E+01
2145,4.41E+01
2146,1.38E+01
2147,2.45E+01
2148,1.83E+01
2149,1.66E+01
2150,1.88E+01
2151,3.77E+01
2152,4.27E+01
2153,4.81E+01
2154,4.74E+01
2155,4.67E+01
2156,1.37E+01
2157,1.59E+01
2158,1.86E+01
2159,1.39E+01
2160,1.42E+01
2161,1.12E+01
2162,3.24E+01
2163,3.93E+01
2164,4.82E+01
2165,2.87E+01
2166,1.49E+01
2167,1.80E+01
2168,2.43E+01
2169,2.36E+01
2170,1.96E+01
2171,1.86E+01
2172,1.71E+01
2173,1.02E+01
2174,4.40E+01
2175,3.63E+01
2176,3.84E+01
2177,4.82E+01
2178,4.91E+01
2179,4.94E+01
2180,1.96E+01
2181,1.93E+01
2182,2.02E+01
2183,2.15E+01
2184,1.98E+01
2185,3.20E+01
2186,4.08E+01
2187,3.67E+01
2188,4.76E+01
2189,4.67E+01
2190,4.73E+01
2191,4.70E+01
2192,4.73E+01
2193,4.57E+01
2194,4.29E+01
2195,4.16E+01
2196,4.19E+01
2197,3.59E+01
2198,3.99E+01
2199,3.37E+01
2200,3.01E+01
2201,3.65E+01
2202,4.71E+01
2203,4.68E+01
2204,4.65E+01
2205,1.53E+01
2206,2.08E+01
2207,1.14E+01
2208,3.51E+01
2209,4.09E+01
2210,4.61E+01
2211,4.40E+01
2212,2.78E+01
2213,2.05E+01
2214,2.32E+01
2215,1.39E+01
2216,6.65E+00
2217,1.83E+01
2218,4.22E+01
2219,4.63E+01
2220,4.70E+01
2221,4.66E+01
2222,4.58E+01
2223,4.40E+01
2224,1.40E+01
2225,1.71E+01
2226,1.77E+01
2227,1.67E+01
2228,9.55E+00
2229,1.09E+01
2230,2.13E+01
2231,4.36E+01
2232,4.87E+01
2233,4.96E+01
2234,4.81E+01
2235,4.72E+01
2236,4.46E+01
2237,1.43E+01
2238,2.13E+01
2239,2.93E+01
2240,1.77E+01
2241,2.65E+01
2242,3.86E+01
2243,4.69E+01
2244,4.79E+01
2245,4.66E+01
2246,4.70E+01
2247,4.60E+01
2248,4.37E+01
2249,2.88E+01
2250,1.47E+01
2251,2.07E+01
2252,2.02E+01
2253,1.58E+01
2254,1.48E+01
2255,1.36E+01
2256,6.74E+00
2257,1.76E+01
2258,3.47E+01
2259,3.76E+01
2260,4.67E+01
2261,4.78E+01
2262,4.68E+01
2263,2.82E+01
2264,1.73E+01
2265,1.74E+01
2266,3.85E+01
2267,4.76E+01
2268,4.62E+01
2269,4.33E+01
2270,4.30E+01
2271,4.17E+01
2272,4.09E+01
2273,4.27E+01
2274,4.57E+01
2275,4.75E+01
2276,3.97E+01
2277,3.77E+01
2278,4.86E+01
2279,4.77E+01
2280,4.85E+01
2281,4.80E+01
2282,2.87E+01
2283,2.62E+01
2284,2.18E+01
2285,1.96E+01
2286,2.06E+01
2287,1.97E+01
2288,1.28E+01
2289,4.15E+01
2290,4.65E+01
2291,2.85E+01
2292,1.47E+01
2293,1.84E+01
2294,2.00E+01
2295,1.87E+01
2296,1.93E+01
2297,4.34E+01
2298,3.94E+01
2299,4.89E+01
2300,4.78E+01
2301,2.32E+01
2302,1.71E+01
2303,1.53E+01
2304,1.55E+01
2305,1.03E+01
2306,8.25E+00
2307,3.85E+01
2308,4.20E+01
2309,4.76E+01
2310,4.61E+01
2311,4.74E+01
2312,4.66E+01
2313,4.37E+01
2314,2.79E+01
2315,4.84E+01
2316,4.80E+01
2317,4.67E+01
2318,2.77E+01
2319,1.66E+01
2320,2.30E+01
2321,2.16E+01
2322,1.69E+01
2323,1.00E+01
2324,1.77E+01
2325,3.75E+01
2326,4.71E+01
2327,4.79E+01
2328,4.78E+01
2329,4.72E+01
2330,4.64E+01
2331,4.05E+01
2332,2.67E+01
2333,2.41E+01
2334,1.65E+01
2335,1.72E+01
2336,1.62E+01
2337,3.80E+01
2338,3.06E+01
2339,3.63E+01
2340,4.71E+01
2341,4.24E+01
2342,3.95E+01
2343,3.98E+01
2344,3.98E+01
2345,4.32E+01
2346,4.82E+01
2347,4.83E+01
2348,1.55E+01
2349,2.62E+01
2350,2.11E+01
2351,1.87E+01
2352,2.31E+01
2353,4.23E+01
2354,4.81E+01
2355,4.89E+01
2356,4.72E+01
2357,4.34E+01
2358,1.58E+01
2359,2.14E+01
2360,1.72E+01
2361,1.50E+01
2362,1.73E+01
2363,1.19E+01
2364,1.02E+01
2365,3.85E+01
2366,4.79E+01
2367,4.78E+01
2368,4.70E+01
2369,4.43E+01
2370,2.73E+01
2371,1.56E+01
2372,3.36E+01
2373,4.31E+01
2374,4.76E+01
2375,4.67E+01
2376,1.19E+01
2377,2.11E+01
2378,1.59E+01
2379,1.44E+01
2380,7.27E+00
2381,3.33E+01
2382,4.04E+01
2383,4.84E+01
2384,4.68E+01
2385,4.30E+01
2386,1.18E+01
2387,1.93E+01
2388,1.75E+01
2389,3.50E+01
2390,4.63E+01
2391,4.71E+01
2392,4.83E+01
2393,2.71E+01
2394,2.39E+01
2395,2.10E+01
2396,2.25E+01
2397,1.98E+01
2398,4.86E+01
2399,4.83E+01
2400,4.85E+01
2401,2.13E+01
2402,1.00E+01
2403,9.51E+00
2404,3.26E+01
2405,4.32E+01
2406,4.59E+01
2407,5.00E+01
2408,3.75E+01
2409,4.89E+01
2410,4.74E+01
2411,3.72E+01
2412,2.74E+01
2413,3.27E+01
2414,2.82E+01
2415,2.86E+01
2416,1.72E+01
2417,4.10E+01
2418,4.76E+01
2419,4.68E+01
2420,2.31E+01
2421,2.26E+01
2422,4.79E+01
2423,4.68E+01
2424,1.37E+01
2425,1.67E+01
2426,1.71E+01
2427,1.79E+01
2428,1.55E+01
2429,1.47E+01
2430,9.06E+00
2431,6.91E+00
2432,4.12E+01
2433,4.80E+01
2434,4.73E+01
2435,2.74E+01
2436,1.73E+01
2437,2.40E+01
2438,2.32E+01
2439,1.70E+01
2440,1.58E+01
2441,4.12E+01
2442,4.78E+01
2443,4.72E+01
2444,4.65E+01
2445,4.44E+01
2446,1.44E+01
2447,2.04E+01
2448,2.09E+01
2449,1.42E+01
2450,1.36E+01
2451,1.43E+01
2452,4.85E+01
2453,4.03E+01
2454,2.64E+01
2455,2.74E+01
2456,1.65E+01
2457,3.63E+01
2458,3.15E+01
2459,4.66E+01
2460,4.57E+01
2461,3.85E+01
2462,4.11E+01
2463,4.13E+01
2464,4.00E+01
2465,3.61E+01
2466,4.27E+01
2467,4.21E+01
2468,4.29E+01
2469,4.74E+01
2470,4.78E+01
2471,4.78E+01
2472,4.72E+01
2473,2.90E+01
2474,1.54E+01
2475,1.98E+01
2476,2.47E+01
2477,1.98E+01
2478,1.60E+01
2479,1.48E+01
2480,1.34E+01
2481,4.58E+01
2482,4.01E+01
2483,4.55E+01
2484,4.62E+01
2485,4.67E+01
2486,4.66E+01
2487,2.61E+01
2488,3.28E+01
2489,4.07E+01
2490,3.16E+01
2491,3.00E+01
2492,3.19E+01
2493,2.25E+01
2494,4.43E+01
2495,4.00E+01
2496,4.75E+01
2497,4.64E+01
2498,4.66E+01
2499,4.58E+01
2500,4.37E+01
2501,2.00E+01
2502,1.46E+01
2503,1.70E+01
2504,1.18E+01
2505,2.20E+01
2506,4.45E+01
2507,4.91E+01
2508,4.86E+01
2509,4.78E+01
2510,4.54E+01
2511,1.55E+01
2512,2.50E+01
2513,1.96E+01
2514,1.91E+01
2515,1.93E+01
2516,1.79E+01
2517,3.52E+01
2518,3.55E+01
2519,1.75E+01
2520,2.21E+01
2521,1.78E+01
2522,1.83E+01
2523,1.16E+01
2524,1.10E+01
2525,2.04E+01
2526,3.66E+01
2527,4.34E+01
2528,4.68E+01
2529,4.71E+01
2530,4.85E+01
2531,2.36E+01
2532,2.47E+01
2533,2.08E+01
2534,2.08E+01
2535,3.50E+01
2536,4.20E+01
2537,4.48E+01
2538,4.46E+01
2539,4.11E+01
2540,3.73E+01
2541,3.75E+01
2542,4.17E+01
2543,4.30E+01
2544,4.81E+01
2545,4.93E+01
2546,4.87E+01
2547,4.68E+01
2548,3.74E+01
2549,3.13E+01
2550,2.79E+01
2551,2.83E+01
2552,2.07E+01
2553,3.56E+01
2554,4.20E+01
2555,4.55E+01
2556,4.90E+01
2557,4.97E+01
2558,4.83E+01
2559,4.81E+01
2560,4.51E+01
2561,2.58E+01
2562,1.45E+01
2563,1.86E+01
2564,2.46E+01
2565,1.83E+01
2566,1.86E+01
2567,4.04E+01
2568,4.78E+01
2569,4.46E+01
2570,1.68E+01
2571,2.21E+01
2572,1.79E+01
2573,1.63E+01
2574,1.20E+01
2575,4.82E+01
2576,2.53E+01
2577,1.37E+01
2578,1.05E+01
2579,4.50E+01
2580,4.30E+01
2581,4.64E+01
2582,4.63E+01
2583,4.81E+01
2584,4.68E+01
2585,4.61E+01
2586,1.36E+01
2587,1.80E+01
2588,2.06E+01
2589,2.15E+01
2590,2.00E+01
2591,3.41E+01
2592,3.24E+01
2593,4.19E+01
2594,4.66E+01
2595,4.68E+01
2596,2.24E+01
2597,2.35E+01
2598,2.27E+01
2599,1.83E+01
2600,1.70E+01
2601,1.88E+01
2602,1.86E+01
2603,3.96E+01
2604,4.73E+01
2605,4.71E+01
2606,4.64E+01
2607,4.21E+01
2608,3.92E+01
2609,4.16E+01
2610,3.98E+01
2611,3.89E+01
2612,3.95E+01
2613,4.18E+01
2614,3.41E+01
2615,4.28E+01
2616,4.79E+01
2617,4.52E+01
2618,2.75E+01
2619,1.73E+01
2620,2.06E+01
2621,2.69E+01
2622,2.32E+01
2623,2.03E+01
2624,2.09E+01
2625,1.98E+01
2626,3.83E+01
2627,4.84E+01
2628,4.84E+01
2629,4.71E+01
2630,2.67E+01
2631,2.34E+01
2632,1.79E+01
2633,1.95E+01
2634,1.84E+01
2635,3.91E+01
2636,4.63E+01
2637,4.23E+01
2638,4.72E+01
2639,4.69E+01
2640,4.73E+01
2641,4.65E+01
2642,2.47E+01
2643,1.60E+01
2644,1.26E+01
2645,1.16E+01
2646,1.41E+01
2647,1.41E+01
2648,8.06E+00
2649,4.53E+01
2650,4.88E+01
2651,4.78E+01
2652,4.86E+01
2653,4.80E+01
2654,2.60E+01
2655,1.79E+01
2656,1.95E+01
2657,1.58E+01
2658,2.22E+01
2659,4.47E+01
2660,3.59E+01
2661,4.80E+01
2662,4.91E+01
2663,4.68E+01
2664,4.66E+01
2665,2.74E+01
2666,1.47E+01
2667,2.16E+01
2668,1.69E+01
2669,1.76E+01
2670,1.85E+01
2671,4.48E+01
2672,3.64E+01
2673,2.20E+01
2674,2.04E+01
2675,2.13E+01
2676,3.26E+01
2677,3.49E+01
2678,3.48E+01
2679,4.64E+01
2680,4.62E+01
2681,4.55E+01
2682,4.25E+01
2683,3.94E+01
2684,4.22E+01
2685,4.05E+01
2686,4.82E+01
2687,4.74E+01
2688,4.77E+01
2689,4.56E+01
2690,2.85E+01
2691,1.65E+01
2692,2.28E+01
2693,1.35E+01
2694,3.92E+01
2695,4.37E+01
2696,3.99E+01
2697,4.68E+01
2698,4.73E+01
2699,4.59E+01
2700,9.48E+00
2701,1.22E+01
2702,1.24E+01
2703,1.33E+01
2704,3.58E+01
2705,3.90E+01
2706,4.91E+01
2707,4.61E+01
2708,3.51E+01
2709,4.07E+01
2710,2.94E+01
2711,3.00E+01
2712,2.94E+01
2713,2.98E+01
2714,2.20E+01
2715,4.64E+01
2716,4.65E+01
2717,4.61E+01
2718,2.70E+01
2719,1.83E+01
2720,2.57E+01
2721,1.61E+01
2722,1.67E+01
2723,1.51E+01
2724,1.16E+01
2725,2.06E+01
2726,3.60E+01
2727,4.89E+01
2728,4.85E+01
2729,4.49E+01
2730,2.31E+01
2731,1.64E+01
2732,1.12E+01
2733,2.17E+01
2734,3.79E+01
2735,4.76E+01
2736,4.88E+01
2737,4.83E+01
2738,4.89E+01
2739,4.80E+01
2740,4.10E+01
2741,2.64E+01
2742,2.10E+01
2743,1.97E+01
2744,2.18E+01
2745,2.03E+01
2746,1.93E+01
2747,3.58E+01
2748,4.85E+01
2749,4.74E+01
2750,4.67E+01
2751,4.34E+01
2752,4.32E+01
2753,3.87E+01
2754,4.15E+01
2755,3.97E+01
2756,3.74E+01
2757,4.85E+01
2758,4.73E+01
2759,4.75E+01
2760,2.67E+01
2761,1.85E+01
2762,1.87E+01
2763,1.29E+01
2764,2.31E+01
2765,4.17E+01
2766,4.51E+01
2767,4.70E+01
2768,4.74E+01
2769,4.60E+01
2770,4.40E+01
2771,1.42E+01
2772,2.49E+01
2773,2.31E+01
2774,1.73E+01
2775,1.96E+01
2776,3.48E+01
2777,4.17E+01
2778,4.16E+01
2779,4.84E+01
2780,4.75E+01
2781,4.79E+01
2782,4.71E+01
2783,4.44E+01
2784,2.73E+01
2785,1.43E+01
2786,2.49E+01
2787,1.78E+01
2788,1.59E+01
2789,8.59E+00
2790,2.09E+01
2791,3.57E+01
2792,4.45E+01
2793,4.07E+01
2794,4.47E+01
2795,4.93E+01
2796,4.70E+01
2797,1.73E+01
2798,2.46E+01
2799,2.33E+01
2800,1.88E+01
2801,1.72E+01
2802,1.77E+01
2803,1.57E+01
2804,2.00E+01
2805,3.69E+01
2806,4.80E+01
2807,4.85E+01
2808,4.74E+01
2809,2.77E+01
2810,1.71E+01
2811,2.10E+01
2812,1.51E+01
2813,1.39E+01
2814,1.88E+01
2815,4.47E+01
2816,3.90E+01
2817,4.75E+01
2818,2.49E+01
2819,2.43E+01
2820,2.21E+01
2821,1.84E+01
2822,3.31E+01
2823,3.95E+01
2824,3.57E+01
2825,4.33E+01
2826,4.62E+01
2827,4.65E+01
2828,4.63E+01
2829,4.10E+01
2830,3.47E+01
2831,3.46E+01
2832,3.67E+01
2833,3.64E+01
2834,3.60E+01
2835,3.40E+01
2836,3.53E+01
2837,4.76E+01
2838,4.76E+01
2839,1.57E+01
2840,2.18E+01
2841,2.60E+01
2842,1.73E+01
2843,1.70E+01
2844,2.15E+01
2845,8.15E+00
2846,3.98E+01
2847,4.29E+01
2848,4.92E+01
2849,4.83E+01
2850,5.01E+01
2851,5.03E+01
2852,5.00E+01
2853,4.81E+01
2854,1.65E+01
2855,2.06E+01
2856,4.48E+01
2857,3.98E+01
2858,4.23E+01
2859,4.91E+01
2860,2.39E+01
2861,1.25E+01
2862,1.43E+01
2863,2.40E+01
2864,2.00E+01
2865,8.77E+00
2866,2.00E+01
2867,3.41E+01
2868,4.20E+01
2869,3.65E+01
2870,2.26E+01
2871,2.12E+01
2872,2.60E+01
2873,2.27E+01
2874,1.82E+01
2875,3.83E+01
2876,4.96E+01
2877,5.02E+01
2878,4.91E+01
2879,4.95E+01
2880,2.85E+01
2881,1.75E+01
2882,1.79E+01
2883,1.88E+01
2884,1.70E+01
2885,1.50E+01
2886,1.13E+01
2887,4.69E+01
2888,4.34E+01
2889,4.80E+01
2890,4.75E+01
2891,4.60E+01
2892,4.04E+01
2893,2.69E+01
2894,2.39E+01
2895,1.89E+01
2896,1.87E+01
2897,1.85E+01
2898,3.02E+01
2899,3.98E+01
2900,3.77E+01
2901,4.76E+01
2902,4.73E+01
2903,4.17E+01
2904,4.17E+01
2905,4.14E+01
2906,4.16E+01
2907,4.02E+01
2908,4.36E+01
2909,3.71E+01
2910,3.68E+01
2911,4.78E+01
2912,4.75E+01
2913,2.87E+01
2914,1.79E+01
2915,2.65E+01
2916,2.24E+01
2917,2.42E+01
2918,3.89E+01
2919,4.51E+01
2920,4.73E+01
2921,4.81E+01
2922,4.68E+01
2923,2.16E+01
2924,2.21E+01
2925,2.26E+01
2926,2.28E+01
2927,1.85E+01
2928,1.32E+01
2929,4.14E+01
2930,4.82E+01
2931,4.76E+01
2932,1.43E+01
2933,1.66E+01
2934,1.80E+01
2935,1.85E+01
2936,1.63E+01
2937,8.46E+00
2938,4.41E+01
2939,4.01E+01
2940,4.78E+01
2941,4.69E+01
2942,4.64E+01
2943,1.59E+01
2944,2.38E+01
2945,2.30E+01
2946,1.15E+01
2947,2.05E+01
2948,4.32E+01
2949,3.63E+01
2950,4.13E+01
2951,4.88E+01
2952,4.55E+01
2953,2.73E+01
2954,1.60E+01
2955,2.16E+01
2956,1.81E+01
2957,1.65E+01
2958,1.76E+01
2959,2.02E+01
2960,4.28E+01
2961,3.65E+01
2962,4.76E+01
2963,4.88E+01
2964,4.13E+01
2965,2.67E+01
2966,2.36E+01
2967,2.52E+01
2968,2.49E+01
2969,2.13E+01
2970,1.96E+01
2971,3.31E+01
2972,4.49E+01
2973,4.70E+01
2974,4.66E+01
2975,4.31E+01
2976,3.90E+01
2977,3.65E+01
2978,4.48E+01
2979,2.57E+01
2980,2.21E+01
2981,1.95E+01
2982,2.09E+01
2983,1.42E+01
2984,1.25E+01
2985,4.69E+01
2986,4.77E+01
2987,4.74E+01
2988,4.74E+01
2989,4.47E+01
2990,1.46E+01
2991,1.67E+01
2992,2.44E+01
2993,2.32E+01
2994,1.92E+01
2995,1.27E+01
2996,2.00E+01
2997,4.57E+01
2998,4.52E+01
2999,4.94E+01
3000,4.81E+01
3001,4.77E+01
3002,2.42E+01
3003,1.94E+01
3004,1.78E+01
3005,1.08E+01
3006,3.94E+01
3007,4.39E+01
3008,4.63E+01
3009,4.41E+01
3010,1.79E+01
3011,1.83E+01
3012,2.15E+01
3013,3.76E+01
3014,4.29E+01
3015,3.45E+01
3016,4.87E+01
3017,2.71E+01
3018,2.41E+01
3019,1.77E+01
3020,1.53E+01
3021,9.31E+00
3022,1.91E+01
3023,3.40E+01
3024,4.59E+01
3025,3.62E+01
3026,1.80E+01
3027,1.68E+01
3028,2.12E+01
3029,2.28E+01
3030,2.20E+01
3031,3.63E+01
3032,4.44E+01
3033,4.70E+01
3034,4.68E+01
3035,4.71E+01
3036,4.25E+01
3037,4.00E+01
3038,4.06E+01
3039,4.07E+01
3040,4.08E+01
3041,3.96E+01
3042,3.60E+01
3043,4.30E+01
3044,4.26E+01
3045,4.40E+01
3046,4.78E+01
3047,4.80E+01
3048,4.44E+01
3049,1.63E+01
3050,2.57E+01
3051,2.09E+01
3052,2.12E+01
3053,1.86E+01
3054,1.86E+01
3055,1.35E+01
3056,4.64E+01
3057,4.86E+01
3058,4.91E+01
3059,4.77E+01
3060,4.81E+01
3061,1.59E+01
3062,2.17E+01
3063,1.79E+01
3064,1.70E+01
3065,1.92E+01
3066,1.72E+01
3067,1.18E+01
3068,4.61E+01
3069,4.03E+01
3070,4.83E+01
3071,4.75E+01
3072,4.68E+01
3073,4.62E+01
3074,2.48E+01
3075,2.17E+01
3076,2.11E+01
3077,1.68E+01
3078,1.72E+01
3079,1.69E+01
3080,8.85E+00
3081,3.42E+01
3082,4.26E+01
3083,4.26E+01
3084,4.94E+01
3085,4.81E+01
3086,4.78E+01
3087,2.47E+01
3088,1.54E+01
3089,1.84E+01
3090,1.95E+01
3091,1.38E+01
3092,1.44E+01
3093,1.28E+01
3094,3.76E+01
3095,3.66E+01
3096,4.96E+01
3097,4.76E+01
3098,2.63E+01
3099,2.29E+01
3100,2.00E+01
3101,1.75E+01
3102,1.88E+01
3103,1.70E+01
3104,1.04E+01
3105,3.83E+01
3106,3.91E+01
3107,4.82E+01
3108,4.76E+01
3109,4.68E+01
3110,2.22E+01
3111,1.98E+01
3112,2.00E+01
3113,1.94E+01
3114,3.20E+01
3115,3.61E+01
3116,4.68E+01
3117,4.74E+01
3118,4.26E+01
3119,4.47E+01
3120,4.10E+01
3121,3.97E+01
3122,3.81E+01
3123,3.90E+01
3124,3.88E+01
3125,3.48E+01
3126,3.82E+01
3127,3.67E+01
3128,4.71E+01
3129,4.68E+01
3130,4.73E+01
3131,4.65E+01
3132,4.60E+01
3133,2.67E+01
3134,1.41E+01
3135,1.84E+01
3136,2.21E+01
3137,2.23E+01
3138,1.77E+01
3139,1.10E+01
3140,4.80E+01
3141,1.98E+01
3142,1.86E+01
3143,1.45E+01
3144,1.15E+01
3145,9.57E+00
3146,4.59E+01
3147,4.69E+01
3148,4.49E+01
3149,4.11E+01
3150,1.19E+01
3151,1.07E+01
3152,3.19E+01
3153,4.42E+01
3154,4.86E+01
3155,4.73E+01
3156,1.42E+01
3157,2.10E+01
3158,1.66E+01
3159,1.58E+01
3160,1.44E+01
3161,4.87E+01
3162,4.49E+01
3163,2.68E+01
3164,1.34E+01
3165,2.03E+01
3166,1.69E+01
3167,1.77E+01
3168,1.59E+01
3169,9.67E+00
3170,1.95E+01
3171,3.51E+01
3172,4.86E+01
3173,4.93E+01
3174,4.87E+01
3175,2.69E+01
3176,2.30E+01
3177,1.88E+01
3178,1.85E+01
3179,1.92E+01
3180,1.93E+01
3181,1.99E+01
3182,1.96E+01
3183,4.20E+01
3184,3.40E+01
3185,3.45E+01
3186,4.47E+01
3187,4.74E+01
3188,4.71E+01
3189,4.67E+01
3190,4.58E+01
3191,4.22E+01
3192,3.94E+01
3193,4.03E+01
3194,4.16E+01
3195,3.94E+01
3196,4.63E+01
3197,4.87E+01
3198,4.89E+01
3199,4.76E+01
3200,4.85E+01
3201,4.54E+01
3202,2.81E+01
3203,1.78E+01
3204,2.05E+01
3205,1.44E+01
3206,1.22E+01
3207,3.67E+01
3208,4.33E+01
3209,3.96E+01
3210,4.86E+01
3211,4.73E+01
3212,4.79E+01
3213,4.66E+01
3214,4.44E+01
3215,1.49E+01
3216,2.16E+01
3217,1.70E+01
3218,3.64E+01
3219,4.06E+01
3220,4.51E+01
3221,4.83E+01
3222,4.70E+01
3223,4.75E+01
3224,2.49E+01
3225,2.34E+01
3226,1.87E+01
3227,1.10E+01
3228,3.34E+01
3229,3.86E+01
3230,4.30E+01
3231,4.80E+01
3232,4.67E+01
3233,4.74E+01
3234,4.59E+01
3235,2.29E+01
3236,1.76E+01
3237,1.61E+01
3238,1.75E+01
3239,1.05E+01
3240,2.22E+01
3241,4.44E+01
3242,4.95E+01
3243,4.92E+01
3244,3.08E+01
3245,1.80E+01
3246,2.10E+01
3247,2.47E+01
3248,2.33E+01
3249,1.88E+01
3250,1.79E+01
3251,1.73E+01
3252,1.85E+01
3253,3.61E+01
3254,3.44E+01
3255,3.72E+01
3256,4.86E+01
3257,4.80E+01
3258,2.60E+01
3259,2.46E+01
3260,1.94E+01
3261,1.88E+01
3262,3.96E+01
3263,3.73E+01
3264,3.15E+01
3265,4.58E+01
3266,4.77E+01
3267,3.95E+01
3268,3.96E+01
3269,4.09E+01
3270,3.91E+01
3271,3.46E+01
3272,4.36E+01
3273,4.67E+01
3274,4.55E+01
3275,1.41E+01
3276,1.95E+01
3277,1.66E+01
3278,1.25E+01
3279,2.19E+01
3280,3.91E+01
3281,4.75E+01
3282,4.80E+01
3283,4.64E+01
3284,2.89E+01
3285,2.46E+01
3286,2.00E+01
3287,2.04E+01
3288,1.76E+01
3289,1.82E+01
3290,1.42E+01
3291,1.22E+01
3292,3.71E+01
3293,4.34E+01
3294,3.85E+01
3295,4.25E+01
3296,4.67E+01
3297,4.77E+01
3298,4.39E+01
3299,2.46E+01
3300,2.02E+01
3301,1.54E+01
3302,4.95E+01
3303,4.77E+01
3304,4.84E+01
3305,4.74E+01
3306,2.97E+01
3307,1.65E+01
3308,2.06E+01
3309,2.10E+01
3310,1.77E+01
3311,1.38E+01
3312,1.97E+01
3313,3.51E+01
3314,4.87E+01
3315,4.92E+01
3316,4.65E+01
3317,4.38E+01
3318,2.84E+01
3319,1.27E+01
3320,1.49E+01
3321,2.25E+01
3322,2.04E+01
3323,1.65E+01
3324,1.71E+01
3325,1.18E+01
3326,6.66E+00
3327,1.59E+01
3328,3.25E+01
3329,3.76E+01
3330,4.86E+01
3331,4.69E+01
3332,2.30E+01
3333,2.41E+01
3334,4.54E+01
3335,4.74E+01
3336,4.73E+01
3337,4.74E+01
3338,4.36E+01
3339,3.95E+01
3340,3.97E+01
3341,3.88E+01
3342,3.88E+01
3343,4.33E+01
3344,3.46E+01
3345,4.40E+01
3346,4.54E+01
3347,4.65E+01
3348,4.55E+01
3349,4.34E+01
3350,2.71E+01
3351,1.34E+01
3352,1.68E+01
3353,1.54E+01
3354,1.21E+01
3355,2.10E+01
3356,3.71E+01
3357,4.37E+01
3358,4.81E+01
3359,4.89E+01
3360,2.83E+01
3361,2.17E+01
3362,2.09E+01
3363,1.57E+01
3364,1.22E+01
3365,2.06E+01
3366,4.10E+01
3367,4.74E+01
3368,4.42E+01
3369,2.73E+01
3370,1.59E+01
3371,3.65E+01
3372,4.49E+01
3373,4.77E+01
3374,4.81E+01
3375,4.69E+01
3376,4.59E+01
3377,2.66E+01
3378,1.44E+01
3379,1.68E+01
3380,2.07E+01
3381,1.78E+01
3382,1.86E+01
3383,1.70E+01
3384,8.25E+00
3385,1.52E+01
3386,2.97E+01
3387,4.66E+01
3388,2.95E+01
3389,2.62E+01
3390,1.15E+01
3391,2.00E+01
3392,2.94E+01
3393,4.73E+01
3394,4.86E+01
3395,4.83E+01
3396,4.69E+01
3397,2.94E+01
3398,2.94E+01
3399,2.15E+01
3400,2.21E+01
3401,2.60E+01
3402,2.41E+01
3403,2.40E+01
3404,2.68E+01
3405,4.43E+01
3406,4.73E+01
3407,4.70E+01
3408,4.62E+01
3409,4.50E+01
3410,4.62E+01
3411,4.48E+01
3412,4.25E+01
3413,3.97E+01
3414,3.42E+01
3415,4.81E+01
3416,4.68E+01
3417,2.17E+01
3418,2.67E+01
3419,2.15E+01
3420,1.60E+01
3421,1.68E+01
3422,1.44E+01
3423,4.03E+01
3424,4.87E+01
3425,4.94E+01
3426,4.92E+01
3427,4.56E+01
3428,2.82E+01
3429,3.30E+01
3430,3.34E+01
3431,2.81E+01
3432,2.60E+01
3433,1.94E+01
3434,1.87E+01
3435,3.15E+01
3436,4.10E+01
3437,5.20E+01
3438,5.24E+01
3439,5.12E+01
3440,5.06E+01
3441,2.46E+01
3442,2.37E+01
3443,2.19E+01
3444,1.58E+01
3445,1.41E+01
3446,2.46E+01
3447,4.72E+01
3448,4.94E+01
3449,4.81E+01
3450,4.87E+01
3451,4.78E+01
3452,4.51E+01
3453,2.80E+01
3454,2.18E+01
3455,1.90E+01
3456,1.84E+01
3457,1.66E+01
3458,1.14E+01
3459,4.42E+01
3460,4.97E+01
3461,4.91E+01
3462,4.78E+01
3463,4.74E+01
3464,1.72E+01
3465,1.94E+01
3466,2.05E+01
3467,1.97E+01
3468,1.35E+01
3469,3.52E+01
3470,4.80E+01
3471,4.83E+01
3472,3.44E+01
3473,2.49E+01
3474,2.22E+01
3475,2.39E+01
3476,3.49E+01
3477,4.19E+01
3478,3.23E+01
3479,4.51E+01
3480,4.72E+01
3481,4.68E+01
3482,4.61E+01
3483,4.62E+01
3484,4.67E+01
3485,4.83E+01
3486,4.59E+01
3487,4.50E+01
3488,4.40E+01
3489,3.82E+01
3490,3.51E+01
3491,4.78E+01
3492,4.70E+01
3493,4.82E+01
3494,4.69E+01
3495,4.58E+01
3496,2.91E+01
3497,2.24E+01
3498,1.85E+01
3499,1.57E+01
3500,2.39E+01
3501,4.62E+01
3502,4.01E+01
3503,4.48E+01
